Workbook

Sheet dados
A1: Nome da Origem | B1: Date modified | C1: [Data_Referência_NIP] | D1: [Qtde_Nips_Não_solucionadas_Ult_60dias] | E1: [Qtde_Nips_Estratégicas_Ult_60dias] | F1: [Qtde_Nips_Falha_Monitoramento_ult_60dias] | G1: [Qtde_Nips_Prazo_Fatal_ult_60dias] | H1: [Qtde_Nips_Não_Solucionada_Backlog] | I1: [Data_Referência_SAC] | J1: [Qtde_Sacs_Pendentes_ult_30dias] | K1: [Qtde_de_Sacs_No_Prazo_ult_30dias] | L1: [Qtde_de_Sacs_Vencidos_ult_30dias] | M1: [Qtde_Sacs_Ameaçou_Nip_ult_30dias] | N1: [Qtde_de_Sacs_Demandas_estratégicas] | O1: [Qtde_Sacs_Prazo_Fatal] | P1: [Qtde_Sacs_Recindentes] | Q1: [Data_Referência_OUV] | R1: [Qtde_Ouv_No_Prazo_ult_30Dias] | S1: [Qtde_Ouv_Prazo_Fatal_ult_30Dias] | T1: [Qtde_Ouv_Pendente_ult_30Dias] | U1: [Qtde_Ouv_Backlog]
A2: report_diario-20251226.json | B2: 46017.528 | C2: 46006 | D2: 0 | E2: 92 | F2: 7744 | G2: 254 | H2: 14 | I2: 46006 | J2: 12561 | K2: 11319 | L2: 0 | M2: 136 | N2: 155 | O2: 2486 | P2: 2103 | Q2: 46006 | R2: 650 | S2: 100 | T2: 697 | U2: 47
A3: report_diario-20251223.json | B3: 46014.833 | C3: 46006 | D3: 0 | E3: 97 | F3: 7979 | G3: 254 | H3: 14 | I3: 46006 | J3: 12561 | K3: 11319 | L3: 0 | M3: 136 | N3: 155 | O3: 2486 | P3: 2103 | Q3: 46006 | R3: 650 | S3: 100 | T3: 697 | U3: 47
A4: report_diario_nips-20251223_180045.json | B4: 46014.751 | C4: 46006 | D4: 0 | E4: 97 | F4: 7979 | G4: 254 | H4: 14 | I4: 46006 | J4: 12561 | K4: 11319 | L4: 0 | M4: 136 | N4: 155 | O4: 2486 | P4: 2103 | Q4: 46006 | R4: 650 | S4: 100 | T4: 697 | U4: 47
A5: report_diario_nips-20251223.json | B5: 46014.779 | C5: 46006 | D5: 0 | E5: 97 | F5: 7979 | G5: 254 | H5: 14 | I5: 46006 | J5: 12561 | K5: 11319 | L5: 0 | M5: 136 | N5: 155 | O5: 2486 | P5: 2103 | Q5: 46006 | R5: 650 | S5: 100 | T5: 697 | U5: 47
A6: report_diario_nips-20251223_181520.json | B6: 46014.761 | C6: 46006 | D6: 0 | E6: 97 | F6: 7979 | G6: 254 | H6: 14 | I6: 46006 | J6: 12561 | K6: 11319 | L6: 0 | M6: 136 | N6: 155 | O6: 2486 | P6: 2103 | Q6: 46006 | R6: 650 | S6: 100 | T6: 697 | U6: 47

Sheet Report1
B2: Reporte | C2: SAC | H2: NIP | M2: Ouvidoria
C3: Vencidos | D3: Reincidentes | E3: Estratégicos | F3: Prazo Fatal | H3: Vencidos | I3: Falha Monitoramento | J3: Estratégicos | K3: Prazo Fatal | M3: Vencidos | N3: Prazo Fatal
B4: =LARGE(Consulta1[Date modified],2) -> 46014.833 | C4: =VLOOKUP($B4,dados!$B:$U,11,0) -> 0 | D4: =VLOOKUP($B4,dados!$B:$U,15,0) -> 2103 | E4: =VLOOKUP($B4,dados!$B:$U,13,0) -> 155 | F4: =VLOOKUP($B4,dados!$B:$U,14,0) -> 2486 | H4: =VLOOKUP($B4,dados!$B:$U,7,0) -> 14 | I4: =VLOOKUP($B4,dados!$B:$U,5,0) -> 7979 | J4: =VLOOKUP($B4,dados!$B:$U,4,0) -> 97 | K4: =VLOOKUP($B4,dados!$B:$U,6,0) -> 254 | M4: =VLOOKUP($B4,dados!$B:$U,20,0) -> 47 | N4: =VLOOKUP($B4,dados!$B:$U,18,0) -> 100
B5: =LARGE(Consulta1[Date modified],1) -> 46017.528 | C5: =VLOOKUP($B5,dados!$B:$U,11,0) -> 0 | D5: =VLOOKUP($B5,dados!$B:$U,15,0) -> 2103 | E5: =VLOOKUP($B5,dados!$B:$U,13,0) -> 155 | F5: =VLOOKUP($B5,dados!$B:$U,14,0) -> 2486 | H5: =VLOOKUP($B5,dados!$B:$U,7,0) -> 14 | I5: =VLOOKUP($B5,dados!$B:$U,5,0) -> 7744 | J5: =VLOOKUP($B5,dados!$B:$U,4,0) -> 92 | K5: =VLOOKUP($B5,dados!$B:$U,6,0) -> 254 | M5: =VLOOKUP($B5,dados!$B:$U,20,0) -> 47 | N5: =VLOOKUP($B5,dados!$B:$U,18,0) -> 100
B6: QTD | C6: =C5-C4 -> 0 | D6: =D5-D4 -> 0 | E6: =E5-E4 -> 0 | F6: =F5-F4 -> 0 | H6: =H5-H4 -> 0 | I6: =I5-I4 -> -235 | J6: =J5-J4 -> -5 | K6: =K5-K4 -> 0 | M6: =M5-M4 -> 0 | N6: =N5-N4 -> 0
B7: %VAR | C7: =IFERROR(C6/C4,0) -> 0 | D7: =IFERROR(D6/D4,0) -> 0 | E7: =IFERROR(E6/E4,0) -> 0 | F7: =IFERROR(F6/F4,0) -> 0 | H7: =IFERROR(H6/H4,0) -> 0 | I7: =IFERROR(I6/I4,0) -> -0.029452312 | J7: =IFERROR(J6/J4,0) -> -0.051546392 | K7: =IFERROR(K6/K4,0) -> 0 | M7: =IFERROR(M6/M4,0) -> 0 | N7: =IFERROR(N6/N4,0) -> 0
